month,n_reviews,avg_rating
2008-08-01,28,4.25
2008-09-01,1284,4.468
2008-10-01,417,4.345
2008-11-01,431,4.443
2008-12-01,476,4.477
2009-01-01,490,4.459
2009-02-01,379,4.393
2009-03-01,927,4.389
2009-04-01,889,4.405
2009-05-01,1050,4.427
2009-06-01,774,4.442
2009-07-01,680,4.44
2009-08-01,1013,4.508
2009-09-01,738,4.476
2009-10-01,693,4.479
2009-11-01,584,4.428
2009-12-01,936,4.467
2010-01-01,1213,4.517
2010-02-01,933,4.475
2010-03-01,1153,4.444
2010-04-01,1129,4.457
2010-05-01,1306,4.449
2010-06-01,1003,4.439
2010-07-01,1083,4.446
2010-08-01,1110,4.475
2010-09-01,544,4.426
2010-10-01,909,4.407
2010-11-01,944,4.352
2010-12-01,1404,4.409
2011-01-01,1297,4.416
2011-02-01,931,4.352
2011-03-01,1049,4.384
2011-04-01,1068,4.394
2011-05-01,1098,4.434
2011-06-01,892,4.372
2011-07-01,895,4.501
2011-08-01,956,4.481
2011-09-01,388,4.376
2011-10-01,835,4.45
2011-11-01,1081,4.51
2011-12-01,1286,4.523
2012-01-01,1411,4.505
2012-02-01,1101,4.429
2012-03-01,1106,4.473
2012-04-01,489,4.452
2012-05-01,594,4.451
2012-06-01,777,4.462
2012-07-01,824,4.399
2012-08-01,904,4.425
2012-09-01,836,4.334
2012-10-01,797,4.393
2012-11-01,1063,4.409
2012-12-01,1383,4.444
2013-01-01,1625,4.43
2013-02-01,1367,4.383
2013-03-01,1487,4.348
2013-04-01,1347,4.386
2013-05-01,1220,4.448
2013-06-01,959,4.431
2013-07-01,930,4.424
2013-08-01,1093,4.321
2013-09-01,1029,4.373
2013-10-01,1100,4.327
2013-11-01,1385,4.379
2013-12-01,1441,4.407
2014-01-01,1809,4.329
2014-02-01,1549,4.288
2014-03-01,1527,4.318
2014-04-01,1899,4.319
2014-05-01,1529,4.336
2014-06-01,1447,4.299
2014-07-01,1444,4.301
2014-08-01,1280,4.297
2014-09-01,1174,4.278
2014-10-01,1150,4.242
2014-11-01,1475,4.387
2014-12-01,1747,4.36
2015-01-01,2366,4.294
2015-02-01,1866,4.202
2015-03-01,1925,4.255
2015-04-01,2038,4.292
2015-05-01,1740,4.252
2015-06-01,1482,4.209
2015-07-01,1473,4.281
2015-08-01,1237,4.27
2015-09-01,1183,4.234
2015-10-01,1295,4.233
2015-11-01,2239,4.306
2015-12-01,2721,4.32
2016-01-01,2963,4.293
2016-02-01,2657,4.306
2016-03-01,2412,4.271
2016-04-01,3024,4.277
2016-05-01,2689,4.298
2016-06-01,2414,4.276
2016-07-01,2587,4.331
2016-08-01,2771,4.37
2016-09-01,2335,4.343
2016-10-01,2632,4.273
2016-11-01,3104,4.272
2016-12-01,3526,4.331
2017-01-01,4402,4.313
2017-02-01,3441,4.274
2017-03-01,3285,4.416
2017-04-01,2770,4.252
2017-05-01,2750,4.283
2017-06-01,2895,4.24
2017-07-01,4757,4.354
2017-08-01,5924,4.361
2017-09-01,8738,4.493
2017-10-01,4663,4.371
2017-11-01,5168,4.322
2017-12-01,5689,4.33
2018-01-01,8657,4.361
2018-02-01,7115,4.309
2018-03-01,7387,4.33
2018-04-01,10318,4.343
2018-05-01,7906,4.366
2018-06-01,6855,4.447
2018-07-01,10786,4.417
2018-08-01,10093,4.414
2018-09-01,7589,4.324
2018-10-01,6574,4.213
2018-11-01,6584,4.199
2018-12-01,7905,4.319
2019-01-01,12421,4.321
2019-02-01,9756,4.267
2019-03-01,12402,4.338
2019-04-01,14868,4.277
2019-05-01,14046,4.226
2019-06-01,11375,4.229
2019-07-01,11255,4.25
2019-08-01,15199,4.271
2019-09-01,12557,4.217
2019-10-01,9162,4.104
2019-11-01,8157,4.04
2019-12-01,12311,4.241
2020-01-01,21470,4.269
2020-02-01,17345,4.211
2020-03-01,19306,4.276
2020-04-01,23888,4.133
2020-05-01,23875,4.186
2020-06-01,18562,4.154
2020-07-01,15951,4.149
2020-08-01,21025,4.241
2020-09-01,15566,4.254
2020-10-01,16203,4.194
2020-11-01,10036,4.202
2020-12-01,11734,4.238
2021-01-01,19627,4.281
2021-02-01,18687,4.302
2021-03-01,18772,4.303
2021-04-01,22533,4.286
2021-05-01,19410,4.271
2021-06-01,18062,4.302
2021-07-01,14460,4.353
2021-08-01,15531,4.355
2021-09-01,16017,4.433
2021-10-01,13830,4.378
2021-11-01,10204,4.216
2021-12-01,14305,4.397
2022-01-01,21973,4.334
2022-02-01,17524,4.356
2022-03-01,18790,4.344
2022-04-01,18932,4.276
2022-05-01,14508,4.267
2022-06-01,14471,4.308
2022-07-01,17156,4.369
2022-08-01,21252,4.406
2022-09-01,15772,4.313
2022-10-01,11366,4.317
2022-11-01,8532,4.27
2022-12-01,11693,4.477
2023-01-01,16893,4.352
2023-02-01,16728,4.208
2023-03-01,15864,4.31
